INSERT INTO MARCAS VALUES (1, "AUDI");
INSERT INTO MARCAS VALUES (2, "BMW");
INSERT INTO MARCAS VALUES (3, "MERCEDES-BENZ");
INSERT INTO MARCAS VALUES (4, "TOYOTA");
INSERT INTO MARCAS VALUES (5, "HONDA");
INSERT INTO MARCAS VALUES (6, "FORD");
INSERT INTO MARCAS VALUES (7, "CHEVROLET");
INSERT INTO MARCAS VALUES (8, "VOLKSWAGEN");
INSERT INTO MARCAS VALUES (9, "NISSAN");
INSERT INTO MARCAS VALUES (10, "MAZDA");

--

INSERT INTO AUTOS VALUES (1, "AUDI", "A4", 2022, 2000);
INSERT INTO AUTOS VALUES (2, "BMW", "Serie 3", 2023, 2500);
INSERT INTO AUTOS VALUES (3, "MERCEDES-BENZ", "Clase C", 2022, 1800);
INSERT INTO AUTOS VALUES (4, "TOYOTA", "Corolla", 2024, 1600);
INSERT INTO AUTOS VALUES (5, "HONDA", "Civic", 2023, 1800);
INSERT INTO AUTOS VALUES (6, "FORD", "Mustang", 2022, 5000);
INSERT INTO AUTOS VALUES (7, "CHEVROLET", "Sail", 2023, 3600);
INSERT INTO AUTOS VALUES (8, "VOLKSWAGEN", "Golf", 2024, 2000);
INSERT INTO AUTOS VALUES (9, "NISSAN", "Versa", 2022, 2500);
INSERT INTO AUTOS VALUES (10, "MAZDA", "Mazda3", 2023, 2200);

--

INSERT INTO SERVICIOS VALUES ("ALINEACIÓN Y BALANCEO", "BMW", 95000);
INSERT INTO SERVICIOS VALUES ("CAMBIO DE KIT DE EMBRAGUE", "MERCEDES-BENZ", 250000);
INSERT INTO SERVICIOS VALUES ("CAMBIO DE CORREA DE REPARTICIÓN", "TOYOTA", 300000);
INSERT INTO SERVICIOS VALUES ("CAMBIO DE AMORTIGUADORES", "HONDA", 1430000);
INSERT INTO SERVICIOS VALUES ("REPARACIÓN DE MOTOR", "FORD", 2500000);
INSERT INTO SERVICIOS VALUES ("CAMBIOS DE ACEITE Y FILTROS", "CHEVROLET", 140000);
INSERT INTO SERVICIOS VALUES ("REVISIÓN DE AMORTIGUADORES", "VOLKSWAGEN", 80000);
INSERT INTO SERVICIOS VALUES ("REVISIÓN DE LÍQUIDOS", "NISSAN", 60000);
INSERT INTO SERVICIOS VALUES ("REVISIÓN BATERÍA", "MAZDA", 70000);
INSERT INTO SERVICIOS VALUES ("BOMBAS Y MANGUERAS", "AUDI", 500000);
INSERT INTO SERVICIOS VALUES ("LÍQUIDO DE FRENOS", "BMW", 350000);
INSERT INTO SERVICIOS VALUES ("SCANNER", "MERCEDES-BENZ", 60000);
INSERT INTO SERVICIOS VALUES ("CAMBIO DE REPUESTOS", "TOYOTA", 150000);
INSERT INTO SERVICIOS VALUES ("SINCRONIZACIÓN", "HONDA", 500000);

--

INSERT INTO SERVICIOSPEDIDOS VALUES ("ALINEACIÓN Y BALANCEO", 1);
INSERT INTO SERVICIOSPEDIDOS VALUES ("CAMBIO DE KIT DE EMBRAGUE", 2);
INSERT INTO SERVICIOSPEDIDOS VALUES ("CAMBIO DE CORREA DE REPARTICIÓN", 3);
INSERT INTO SERVICIOSPEDIDOS VALUES ("CAMBIO DE AMORTIGUADORES", 4);
INSERT INTO SERVICIOSPEDIDOS VALUES ("REPARACIÓN DE MOTOR", 5);
INSERT INTO SERVICIOSPEDIDOS VALUES ("CAMBIOS DE ACEITE Y FILTROS", 6);
INSERT INTO SERVICIOSPEDIDOS VALUES ("REVISIÓN DE AMORTIGUADORES", 7);
INSERT INTO SERVICIOSPEDIDOS VALUES ("REVISIÓN DE LÍQUIDOS", 8);
INSERT INTO SERVICIOSPEDIDOS VALUES ("REVISIÓN BATERÍA", 9);
INSERT INTO SERVICIOSPEDIDOS VALUES ("BOMBAS Y MANGUERAS", 10);
INSERT INTO SERVICIOSPEDIDOS VALUES ("LÍQUIDO DE FRENOS", 11);
INSERT INTO SERVICIOSPEDIDOS VALUES ("SCANNER", 12);
INSERT INTO SERVICIOSPEDIDOS VALUES ("CAMBIO DE REPUESTOS", 13);
INSERT INTO SERVICIOSPEDIDOS VALUES ("SINCRONIZACIÓN", 14);

--

INSERT INTO PEDIDOS VALUES (1, "2345678901", "ALINEACIÓN Y BALANCEO");
INSERT INTO PEDIDOS VALUES (2, "3456789012", "CAMBIO DE KIT DE EMBRAGUE");
INSERT INTO PEDIDOS VALUES (3, "4567890123", "CAMBIO DE CORREA DE REPARTICIÓN");
INSERT INTO PEDIDOS VALUES (4, "5678901234", "CAMBIO DE AMORTIGUADORES");
INSERT INTO PEDIDOS VALUES (5, "6789012345", "REPARACIÓN DE MOTOR");
INSERT INTO PEDIDOS VALUES (6, "7890123456", "CAMBIOS DE ACEITE Y FILTROS");
INSERT INTO PEDIDOS VALUES (7, "8901234567", "REVISIÓN DE AMORTIGUADORES");
INSERT INTO PEDIDOS VALUES (8, "9012345678", "REVISIÓN DE LÍQUIDOS");
INSERT INTO PEDIDOS VALUES (9, "0123456789", "REVISIÓN BATERÍA");
INSERT INTO PEDIDOS VALUES (10, "9876543210", "BOMBAS Y MANGUERAS");
INSERT INTO PEDIDOS VALUES (11, "8765432109", "LÍQUIDO DE FRENOS");
INSERT INTO PEDIDOS VALUES (12, "7654321098", "SCANNER");
INSERT INTO PEDIDOS VALUES (13, "6543210987", "CAMBIO DE REPUESTOS");
INSERT INTO PEDIDOS VALUES (14, "5432109876", "SINCRONIZACIÓN");

--

INSERT INTO CLIENTES VALUES ("2345678901", "Carlos Perez", "3101234567", "carlos.perez@gmail.com");
INSERT INTO CLIENTES VALUES ("3456789012", "Luisa Martinez", "3102345678", "luisa.martinez@gmail.com");
INSERT INTO CLIENTES VALUES ("4567890123", "Juan Garcia", "3103456789", "juan.garcia@gmail.com");
INSERT INTO CLIENTES VALUES ("5678901234", "Ana Lopez", "3104567890", "ana.lopez@gmail.com");
INSERT INTO CLIENTES VALUES ("6789012345", "Maria Rodriguez", "3105678901", "maria.rodriguez@gmail.com");
INSERT INTO CLIENTES VALUES ("7890123456", "Pedro Gomez", "3106789012", "pedro.gomez@gmail.com");
INSERT INTO CLIENTES VALUES ("8901234567", "Laura Gonzalez", "3107890123", "laura.gonzalez@gmail.com");
INSERT INTO CLIENTES VALUES ("9012345678", "Andres Sanchez", "3108901234", "andres.sanchez@gmail.com");
INSERT INTO CLIENTES VALUES ("0123456789", "Paola Ramirez", "3109012345", "paola.ramirez@gmail.com");
INSERT INTO CLIENTES VALUES ("9876543210", "Camilo Herrera", "3100123456", "camilo.herrera@gmail.com");
INSERT INTO CLIENTES VALUES ("8765432109", "Diana Castro", "3101234567", "diana.castro@gmail.com");
INSERT INTO CLIENTES VALUES ("7654321098", "Santiago Vargas", "3102345678", "santiago.vargas@gmail.com");
INSERT INTO CLIENTES VALUES ("6543210987", "Valentina Medina", "3103456789", "valentina.medina@gmail.com");
INSERT INTO CLIENTES VALUES ("5432109876", "Jorge Torres", "3104567890", "jorge.torres@gmail.com");




